ModelElement,Atrazine,Flow,N_DIN,N_DON,N_Particulate,P_DOP,Sediment - Coarse,Sediment - Fine
SC #1,0,3421660.439,655380.8755,655380.8755,2303191.993,608285.6789,0,18817.94489
SC #3,0,699828.5063,131486.4107,131486.4107,1146624.776,123967.6107,0,8892.342346
